True_ITE,Predicted_ITE,Lower_90,Upper_90,Covered,Interval_Width
3.346611331159959,3.0914700827012873,2.5315738921092086,3.651366273293368,True,1.1197923811841592
2.6635560916100625,3.573577916002792,2.914208855321001,4.232946976684585,False,1.3187381213635838
1.0954361492702993,1.5125368200594906,1.2531581874063247,1.7719154527126546,False,0.5187572653063299
3.9188840208659497,4.081537721944155,3.4775486842560106,4.685526759632296,True,1.2079780753762854
3.654176115901402,3.558069677900689,3.1657722621488444,3.950367093652531,True,0.7845948315036866
3.513557906938069,3.0454637724969555,2.4065776968601953,3.684349848133714,True,1.2777721512735187
6.459243176491547,5.312153458150131,4.96247970574994,5.661827210550321,False,0.6993475048003805
6.214836630322373,4.82287289336683,4.18116745544516,5.464578331288496,False,1.2834108758433356
0.33902595635298216,2.1545260817768725,1.8093839832097545,2.499668180343992,False,0.6902841971342375
1.3305752648262255,1.6142754422387873,1.344446796259136,1.8841040882184381,False,0.5396572919593021
5.303060269431007,4.661109903762426,4.2774455130584395,5.0447742944664125,False,0.767328781407973
2.733036892389308,3.1114091779871482,2.7720756248692426,3.450742731105052,False,0.6786671062358094
2.0787703700014553,2.0327564735198007,1.7299439836563617,2.3355689633832433,True,0.6056249797268816
1.6034898611562942,1.7188703271504708,1.2366599223195853,2.2010807319813557,True,0.9644208096617704
5.139369706784044,5.469859483517565,5.003920160231749,5.935798806803381,True,0.931878646571632
1.317985577248586,1.8165400009239945,1.528672266756253,2.1044077350917356,False,0.5757354683354827
3.9166057844598128,3.1118398537796064,2.746991085941675,3.4766886216175363,False,0.7296975356758613
5.070172030796156,5.174841906231667,4.788673369887277,5.56101044257605,True,0.7723370726887726
3.6233153207388473,4.167963332474577,3.7286720693022044,4.607254595646944,False,0.87858252634474
4.8026726083346984,3.628880213985975,3.0654601644194823,4.192300263552462,False,1.1268400991329797
3.3719184865098097,3.1523807622509046,2.6862855262197822,3.6184759982820287,True,0.9321904720622465
0.7319948927379827,1.808846191222806,1.3760040328252139,2.241688349620396,False,0.8656843167951822
5.69159428311656,5.398241321633217,4.978322252601742,5.81816039066469,True,0.839838138062948
2.449039814803352,2.2034510891491395,1.8128629117462622,2.5940392665520156,True,0.7811763548057533
2.589798245618929,3.037397170420845,2.3495516536356127,3.7252426872060758,True,1.375691033570463
7.048891297976362,6.1230660706037,5.677342274052166,6.5687898671552345,False,0.8914475931030683
2.336716202201799,2.434803425300498,2.217308430079303,2.6522984205216926,True,0.43498999044238973
2.4198449160243536,2.3235645238110774,1.9780363349799746,2.669092712642181,True,0.6910563776622063
3.1300583217103726,3.2578711833293883,2.5059898103497287,4.00975255630905,True,1.5037627459593215
2.001774724578675,2.792876571755521,2.2903180453204,3.295435098190639,False,1.0051170528702391
0.03192257676556021,1.5828996400953796,1.2643006604805702,1.9014986197101886,False,0.6371979592296184
0.5672434555895883,1.7648492727205154,1.247009160420446,2.2826893850205843,False,1.0356802246001382
2.7707121299868187,2.9179785911989367,2.599894219523265,3.2360629628746076,True,0.6361687433513428
2.0944559406490937,2.6478432246866297,2.211518424886215,3.0841680244870426,False,0.8726495996008277
0.745958244883515,1.652682656962643,1.2309148477132492,2.0744504662120367,False,0.8435356184987874
3.590042319930517,4.292735738473903,3.797461016480731,4.788010460467074,False,0.9905494439863429
1.035855382822842,1.5756193762821038,0.7968559372123258,2.3543828153518813,True,1.5575268781395555
4.08031660065891,4.111317758200456,3.5105443184977503,4.7120911979031606,True,1.2015468794054103
5.091655261982637,4.597055743430362,3.5979869855853255,5.596124501275396,True,1.9981375156900705
2.3558355882002635,3.477668970600591,3.1464668521627353,3.8088710890384445,False,0.6624042368757093
3.474502683785781,3.3109684166358084,2.9448246429714735,3.6771121903001407,True,0.7322875473286672
3.5608425873291973,3.6709844532413323,3.2529072777342583,4.089061628748408,True,0.8361543510141498
3.0015888685089176,3.71724645873364,3.4327195386179623,4.001773378849316,False,0.5690538402313541
3.4879038638220763,2.612021242413718,2.0922041631962363,3.1318383216312,False,1.0396341584349638
5.682622164793753,4.707807736641631,4.42343472144628,4.992180751836984,False,0.5687460303907041
3.077842565369237,3.694408449852621,2.771077518069897,4.6177393816353405,True,1.8466618635654433
2.130159691700598,2.1556605565538804,1.5362165769681504,2.7751045361396103,True,1.2388879591714599
2.9044351766239966,2.3123433450121573,2.040470615623129,2.5842160744011857,False,0.5437454587780568
3.3836677475934844,4.1175799679013805,3.648423240532943,4.586736695269816,False,0.938313454736873
0.9202683847301596,1.8711822607575062,1.579550463919376,2.162814057595637,False,0.5832635936762611
5.017992652242184,5.165052687652901,4.645918834914486,5.684186540391312,True,1.0382677054768257
2.9002284507722176,2.7398933971131254,2.251100311440762,3.2286864827854878,True,0.9775861713447256
2.426729737369768,2.6856344004850534,2.1508163275845336,3.2204524733855715,True,1.069636145801038
2.139854507873629,2.462988518938654,2.0779514557196577,2.8480255821576494,True,0.7700741264379918
1.6042495845939477,1.963584208331871,1.6730349119878272,2.254133504675915,False,0.5810985926880876
2.8053893183689533,2.820297719004577,2.5330335668535593,3.1075618711555943,True,0.574528304302035
1.7728460055662996,2.7425216295713524,2.456413361211929,3.028629897930777,False,0.5722165367188476
5.517546778847079,3.9221678649110117,3.33307287225409,4.511262857567932,False,1.1781899853138418
5.063292227060266,3.909125371962027,2.967217279239872,4.851033464684182,False,1.88381618544431
4.4793697050971035,3.5204835657733766,3.1473652194281585,3.8936019121185947,False,0.7462366926904362
3.081103150873927,2.5015758400830674,2.0372168089723766,2.9659348711937574,False,0.9287180622213809
4.425873713467907,4.280527699102855,3.6368808131044235,4.924174585101286,True,1.287293771996863
4.482664646929942,4.138807240893412,3.50651798358872,4.771096498198103,True,1.2645785146093833
4.062625582774674,4.292927338424503,3.685453490260024,4.900401186588982,True,1.214947696328958
4.469603851675092,3.8392361457472575,3.457592992744331,4.220879298750184,False,0.7632863060058526
6.498395890347928,4.816756568277106,4.226454168320996,5.407058968233211,False,1.1806047999122153
-0.2711128341784182,1.201391578924831,0.760517743735873,1.6422654141137898,False,0.8817476703779168
5.1676646876698165,3.20035923713418,2.589921954243795,3.810796520024567,False,1.2208745657807718
6.224110403168508,5.182828766271835,4.601733593107914,5.763923939435756,False,1.1621903463278418
3.827346109682174,2.96924203707338,2.719987119487056,3.218496954659703,False,0.4985098351726469
3.452906318013144,3.8594029673700723,3.2269480982094487,4.491857836530697,True,1.264909738321248
2.7634652909383037,2.1670606350444226,1.734001713266382,2.600119556822462,False,0.8661178435560801
0.852965857966007,1.544719417363098,1.1103185643323614,1.9791202703938349,False,0.8688017060614734
0.4507646615244042,1.4122146958008324,0.9817500468388323,1.8426793447628322,False,0.860929297924
5.791125438230611,4.6844201597110215,4.3592681379833955,5.009572181438647,False,0.6503040434552512
5.7381547630114484,5.328525686381306,4.953636811880469,5.70341456088214,False,0.7497777490016713
4.053891216873937,4.264504424846507,3.8951303719295147,4.633878477763499,True,0.7387481058339844
2.7363175088189675,3.095002229322941,2.746534025230774,3.4434704334151083,False,0.6969364081843343
1.106335316761328,1.4517040163007118,1.031000881471645,1.8724071511297788,True,0.8414062696581339
0.7844189798377279,1.923230603187915,1.5288296977049145,2.317631508670915,False,0.7888018109660007
3.4030315970411884,4.4728522429754625,4.080181465937412,4.865523020013517,False,0.7853415540761048
2.906294723593372,3.329995807008458,2.940462956468933,3.719528657547983,False,0.77906570107905
4.099083003482122,3.5273604287931724,3.085639097548917,3.9690817600374277,False,0.8834426624885108
3.7680991157802115,2.689847379123137,2.068415461604636,3.311279296641636,False,1.2428638350369998
5.920976517894417,4.792223578578824,4.231947346703445,5.352499810454199,False,1.1205524637507533
5.5105230511501935,5.438921889472959,5.066701848289696,5.81114193065622,True,0.7444400823665234
2.8678297448516723,2.50345826716136,1.9155252719022644,3.0913912624204554,True,1.175865990518191
3.1160733346626297,3.8608657910658453,3.4605930439074077,4.261138538224283,False,0.800545494316875
5.876624637434874,5.282585022447832,4.634961175423121,5.93020886947255,True,1.2952476940494293
3.214655477474077,3.086535501157027,2.5342566068647687,3.638814395449284,True,1.1045577885845153
4.616710479408874,4.449009619704288,4.042993201469532,4.855026037939044,True,0.8120328364695126
3.7759622381399205,4.21271115909977,3.4592882413332746,4.966134076866264,True,1.5068458355329892
6.181035928239203,5.86441129576361,5.199237863677596,6.529584727849621,True,1.330346864172025
3.4502794870455236,4.1913391558704625,3.680452431186988,4.702225880553933,False,1.021773449366945
4.3482155354332415,4.221237136444457,3.7333859583575753,4.709088314531338,True,0.975702356173763
1.3358861972513787,1.5411441410243751,0.9788993882932767,2.1033888937554743,True,1.1244895054621975
3.1542380662668807,3.161825918196224,2.7228674241573585,3.6007844122350874,True,0.8779169880777289
8.524945915117007,6.0304067860717065,5.514282694346805,6.546530877796601,False,1.0322481834497967
4.996467773442174,4.522104979931241,3.6476155066173304,5.396594453245149,True,1.748978946627819
4.766350447682994,3.449187415164076,3.1195495435899914,3.77882528673816,False,0.6592757431481688
6.074387720050349,5.519478943513412,4.394394184639663,6.644563702387158,True,2.250169517747495
4.539217015662465,3.8427762303798443,3.392888392549234,4.292664068210454,False,0.8997756756612203
2.173426284980772,3.469748501454212,2.7844475299090448,4.155049472999378,False,1.3706019430903336
5.303098124985276,3.8481168927910727,3.099820067742053,4.5964137178400915,False,1.4965936500980384
1.2423327583027561,1.7627561151118836,1.4171312751481326,2.1083809550756345,False,0.6912496799275019
2.915280489090731,2.2389839482873617,1.9895109882706363,2.488456908304087,False,0.4989459200334505
5.268650990762935,3.766170349078518,3.262927405799628,4.269413292357407,False,1.0064858865577788
1.4942666267347962,1.757463967609511,1.4737019090883838,2.041226026130638,True,0.5675241170422543
6.178348956697393,5.259221117060148,4.741279111877363,5.777163122242934,False,1.0358840103655709
6.5696707432413,6.039344903801236,5.548461266458811,6.530228541143667,False,0.9817672746848558
1.3048841537818678,2.0110541729229428,1.715604513637386,2.3065038322084983,False,0.5908993185711122
6.28849865176968,5.452677109190696,4.50591759709528,6.399436621286115,True,1.8935190241908346
3.3801462259557034,3.678968499361779,3.078076469522051,4.279860529201504,True,1.2017840596794533
4.188283419931987,4.023398817976971,3.418563115383951,4.628234520569991,True,1.2096714051860396
4.006052710613662,4.7315649654335905,3.963118938349967,5.500010992517215,True,1.5368920541672475
2.0217051852554944,2.7930266649671034,2.2080003391171403,3.3780529908170656,False,1.1700526516999252
4.5790978956057495,4.864583865143198,4.474498768728546,5.254668961557844,True,0.7801701928292974
4.950909219391218,3.479012063895463,3.15076175378589,3.8072623740050373,False,0.6565006202191475
2.649636483121901,2.5877859132012757,2.211205478337023,2.9643663480655293,True,0.7531608697285064
3.7756845652987203,3.020781190128277,2.6756334327022295,3.3659289475543224,False,0.6902955148520928
3.5861584899668757,4.041424457271247,3.62521248059205,4.457636433950445,False,0.8324239533583953
1.2166655656702468,1.8508358539211411,1.4411800059442985,2.260491701897983,False,0.8193116959536844
1.120696283127002,1.6624886838584478,1.0515377160520634,2.2734396516648294,True,1.221901935612766
4.642640208322446,3.629132925211419,3.071415991901971,4.186849858520866,False,1.1154338666188957
4.067967495586416,3.724477547129037,3.3470164168091254,4.101938677448948,True,0.7549222606398227
1.5776786487252894,1.926146518549724,0.96014643570047,2.8921466013989776,True,1.9320001656985077
-0.4782425962694463,1.0761924096011155,0.5627761082176407,1.58960871098459,False,1.0268326027669494
2.926271947259517,3.8583460434189587,3.398853688990735,4.317838397847184,False,0.9189847088564487
1.3418344664311073,1.606559042479331,1.2136377872441015,1.9994802977145598,True,0.7858425104704583
4.153863509351343,2.9545712803798385,2.670457895072491,3.2386846656871886,False,0.5682267706146975
4.79992953664323,4.171527080651819,3.5901624602999975,4.75289170100364,False,1.1627292407036425
4.475013172883894,4.246436797848472,3.6482858218592598,4.844587773837685,True,1.1963019519784255
2.6793947672943235,2.410117972821645,2.1315688092768403,2.68866713636645,True,0.5570983270896095
4.535681824922557,4.603212462237521,3.7319613720397404,5.474463552435302,True,1.7425021803955616
1.8157653947597205,2.177338576448721,1.685467957260119,2.6692091956373227,True,0.9837412383772037
0.10884937220806112,1.094768158722519,0.7746746403781749,1.4148616770668632,False,0.6401870366886883
2.1935275798164713,2.4575526056243344,1.7853088501786039,3.129796361070064,True,1.34448751089146
1.6627185164900153,2.11089203347395,1.6953084981011426,2.5264755688467573,False,0.8311670707456147
4.909227210427217,4.9557193623259295,4.577284044121405,5.334154680530456,True,0.756870636409051
2.815881364051191,3.2797728035576017,2.8519078300487006,3.7076377770665054,False,0.8557299470178048
3.1023653233901523,2.823562541960889,2.3958248898389916,3.251300194082785,True,0.8554753042437935
6.126689855865146,5.807724783731824,5.307550455795462,6.307899111668184,True,1.0003486558727221
6.397216118122313,5.215982028512007,4.494671851442315,5.937292205581694,False,1.442620354139379
3.8822283851627737,3.360128971687483,3.0514436270187186,3.66881431635625,False,0.6173706893375313
2.9871229672624002,2.887631367204579,2.310818753583158,3.4644439808259997,True,1.1536252272428418
6.067434835982135,5.418721589241164,4.983653639642049,5.853789538840277,False,0.8701358991982282
1.4588692180191147,2.5068993337483407,1.836091573998312,3.177707093498372,False,1.34161551950006
2.0458123728329785,2.9436392392120982,2.5995971339467956,3.287681344477401,False,0.6880842105306053
3.196688628638935,2.3160783693394644,1.9675668678038645,2.664589870875068,False,0.6970230030712035
4.526679206203284,3.63510869105034,2.912587878207657,4.357629503893023,False,1.4450416256853655
5.846955599802631,5.896293317998128,5.34365785017879,6.448928785817465,True,1.105270935638675
4.9033332476623075,3.8348293988289313,3.0312148109006163,4.638443986757245,False,1.607229175856629
3.4868473289770145,2.6351476980833777,2.0850504559481986,3.1852449402185563,False,1.1001944842703577
1.6365677010449007,2.059615153643538,1.7642969388206908,2.3549333684663845,False,0.5906364296456936
3.053240435421666,3.8545380836425687,3.21003909703303,4.499037070252105,False,1.2889979732190748
3.547781337273087,3.1827429032474184,2.8225748579946925,3.5429109485001424,False,0.7203360905054499
5.012456829395873,4.757725351083726,3.769636953547144,5.745813748620306,True,1.9761767950731621
2.4726368371879994,2.2943259918361485,2.052839131939632,2.5358128517326652,True,0.48297371979303305
3.5032897825089844,2.9877823936734758,2.685169956600126,3.2903948307468243,False,0.6052248741466983
3.4466078923172474,2.7447640348343474,2.3937304546535616,3.095797615015133,False,0.7020671603615716
2.3194608506765757,3.0601154562369195,2.7557292142602194,3.3645016982136196,False,0.6087724839534001
4.835206281506547,5.0876150524175525,4.378306104731728,5.796924000103377,True,1.4186178953716482
7.02130176547613,5.707962112291757,5.277380718502925,6.138543506080594,False,0.8611627875776691
2.0709949900652282,3.0578561785071345,2.567054316301505,3.5486580407127635,False,0.9816037244112583
4.37132081559142,4.805107895759229,4.242179897365295,5.368035894153163,True,1.1258559967878679
6.201750704370073,5.522117330985453,5.186530928130496,5.857703733840406,False,0.6711728057099098
3.5514183781253714,3.9095916659952192,3.462761241063073,4.356422090927365,True,0.8936608498642924
5.5933275335235475,5.0951970352119655,4.335375259283232,5.855018811140699,True,1.5196435518574667
-0.2750526113321241,1.2994014119572335,0.8076638967696184,1.791138927144848,False,0.9834750303752295
3.566978982426768,3.4339581490463758,3.127714579182906,3.740201718909846,True,0.61248713972694
3.048359332578221,2.744885152320038,2.1382462587922486,3.351524045847826,True,1.2132777870555773
3.982458125516197,3.72786441046411,2.845078634038099,4.610650186890119,True,1.7655715528520202
1.0178877831240234,1.7933246265015912,1.1338389552852508,2.452810297717934,False,1.318971342432683
3.067019468149451,2.9983354319250246,2.675121790365326,3.321549073484719,True,0.6464272831193929
2.7832356110409617,2.11719348627168,1.6050039844399948,2.629382988103367,False,1.024379003663372
3.5425413435657003,3.846542627297129,3.516576654718958,4.176508599875301,True,0.6599319451563428
4.86069132847538,5.148014811609695,4.738742409994757,5.557287213224633,True,0.8185448032298765
2.508914498588396,2.058996672815266,1.3629638651856288,2.7550294804449025,True,1.3920656152592736
6.245001343223861,5.374386893691849,4.612950170702766,6.135823616680931,False,1.5228734459781643
3.2530931728933727,3.1777116836640182,2.828769621785291,3.526653745542744,True,0.6978841237574529
2.0054746753513784,2.1819792855360802,1.7639676586486874,2.599990912423473,True,0.8360232537747854
1.2464585184229107,1.7384409937727474,1.2603204490988864,2.2165615384466055,False,0.9562410893477191
5.315094646902734,4.146196814632838,3.677576107276853,4.6148175219888214,False,0.9372414147119685
2.830331532148169,2.9663280600521094,2.565138600251548,3.3675175198526732,True,0.8023789196011251
2.9459729451967576,3.575105137592108,3.359057702974692,3.791152572209526,False,0.43209486923483365
3.3442939324214027,3.0804828858446527,2.820395247527816,3.340570524161485,False,0.5201752766336689
4.007476551768342,3.578495678328441,2.897842572222408,4.259148784434474,True,1.3613062122120665
4.127844077540497,4.290129006650782,3.9004348039663697,4.6798232093351935,True,0.7793884053688238
3.8742792905799206,2.493910297329734,1.957990132769581,3.0298304618898864,False,1.0718403291203054
1.7379236753217355,1.9608998603516143,1.6175923868238797,2.304207333879348,True,0.6866149470554683
1.687357169505977,1.9257064059941906,1.5998240950678064,2.2515887169205744,True,0.651764621852768
3.0958171524876974,2.961340410944432,2.4900134446490503,3.4326673772398117,True,0.9426539325907615
4.707046181633948,4.271010932652453,3.9309020943551842,4.611119770949722,False,0.680217676594538
3.737315186540755,4.1036224069567355,2.903354578810177,5.303890235103294,True,2.4005356562931173
2.2911604882909056,3.4072625908734286,3.0338037666867295,3.780721415060128,False,0.7469176483733984
2.5482141630681863,2.08487754908678,1.8117276669791353,2.358027431194424,False,0.5462997642152887
2.0193007967106014,2.1733413395621817,1.8209710034350157,2.5257116756893474,True,0.7047406722543317
5.9342772098054,4.542212179503938,3.946745919541385,5.137678439466486,False,1.1909325199251004
4.750269319041346,4.141705456968077,3.603736938150732,4.6796739757854215,False,1.0759370376346897
7.17524842460153,6.032758772829093,5.634244107308296,6.431273438349885,False,0.797029331041589
4.645585674422099,4.112880646865466,3.501412567038697,4.724348726692233,True,1.2229361596535355
2.581896047623208,2.449193901062102,1.843600440602217,3.0547873615219867,True,1.2111869209197696
6.8825126864221575,5.527843115833014,5.142810078286326,5.912876153379707,False,0.7700660750933812
1.9318429292679613,2.0884729324139815,1.201215836406766,2.9757300284211965,True,1.7745141920144305
5.851353514127925,5.410304963643881,4.697357290882421,6.123252636405339,True,1.4258953455229184
3.1248337665586097,3.428940689178718,3.047331590028768,3.81054978832867,True,0.763218198299902
3.450331977372169,3.8610311718931953,3.3426093344426833,4.379453009343707,True,1.0368436749010237
5.111900544407453,4.923456629483448,4.151989727904461,5.694923531062432,True,1.5429338031579718
6.813164457591595,5.77370037490809,4.862472254183497,6.6849284956326835,False,1.8224562414491867
2.9463733587256415,2.2487647116232576,1.5772687152839169,2.920260707962598,False,1.3429919926786813
2.321390505761343,2.4594523131229575,2.223373572584492,2.695531053661424,True,0.47215748107693223
2.732479727746999,2.158812281200355,1.7986736844673232,2.518950877933387,False,0.7202771934660639
0.8367626961033419,1.6435663799347335,1.130347476335051,2.1567852835344157,False,1.0264378071993647
3.6946831479280604,3.576970582787565,3.053399469792592,4.100541695782539,True,1.0471422259899468
4.69489494666719,3.6782406093292486,3.325834638734348,4.03064657992415,False,0.7048119411898024
4.242278427695867,3.4997647127088976,3.029884933514811,3.969644491902984,False,0.939759558388173
3.670891356637622,2.8651808359284665,2.459461972745936,3.2708996991109958,False,0.8114377263650598
6.206513289283947,4.786675673387704,4.317504914232872,5.255846432542535,False,0.9383415183096631
6.891458039724948,5.391325861435431,4.906613919263363,5.876037803607497,False,0.9694238843441338
5.1501586764919205,5.5607528456892545,4.7708532313997996,6.350652459978708,True,1.5797992285789082
4.373811609722149,4.048390758304148,3.751436521514922,4.345344995093367,False,0.5939084735784448
3.5498677271856605,3.2973402110476324,2.718089219191699,3.8765912029035654,True,1.1585019837118664
1.3657953085822758,1.886344086651359,1.530890991006883,2.241797182295835,False,0.7109061912889518
4.868235715337107,5.05739423299226,4.425355777479552,5.68943268850496,True,1.2640769110254073
2.244044914452182,2.5010384363173377,2.2134035725440557,2.7886733000906196,True,0.5752697275465639
1.8011648435834204,2.0975563229226264,1.8344749095057402,2.3606377363395117,False,0.5261628268337715
3.5168842011640327,3.264505389991029,2.937187676314545,3.5918231036675157,True,0.6546354273529706
5.950652067533071,5.161095427894889,4.666802383264906,5.655388472524873,False,0.9885860892599672
3.57620245726982,3.191737951470208,2.6250123917443235,3.758463511196092,True,1.1334511194517685
3.0302844911209217,3.1415523692569987,2.495236487575833,3.787868250938162,True,1.292631763362329
3.992857116376629,4.40762663832805,3.7860558140686047,5.029197462587489,True,1.2431416485188844
1.8346725452277015,2.3444049822284616,1.8898447033094483,2.798965261147472,False,0.9091205578380237
5.010710851812369,4.815962042152938,3.9874768476113784,5.6444472366944956,True,1.6569703890831171
3.9808316104053447,3.6837538782350867,3.3320969113347005,4.035410845135474,True,0.7033139338007737
2.682089482768717,2.313186433749001,1.844194056763805,2.782178810734197,True,0.937984753970392
4.217620608370819,4.096701379968144,3.751868175971039,4.441534583965254,True,0.6896664079942147
2.587650495414744,3.015584486922091,2.466797515596707,3.564371458247474,True,1.0975739426507674
6.8063192746455625,5.4778338077866815,5.087153366199154,5.868514249374206,False,0.7813608831750516
3.1358485878505187,3.8379269179459827,3.2100688671979887,4.465784968693978,False,1.255716101495989
4.983251006844846,4.7542272403593575,4.373820612892578,5.134633867826135,True,0.7608132549335576
0.6695589366715937,2.1292349885649924,1.6384737997638759,2.619996177366108,False,0.9815223776022322
2.1890969787590233,1.8675674079481939,1.304643757863925,2.4304910580324632,True,1.1258473001685383
2.5256300551668933,2.45911634324688,1.8400850179838426,3.078147668509918,True,1.2380626505260754
2.6956049601489527,2.432004635603265,2.1529221096146514,2.711087161591878,True,0.5581650519772268
2.375790642596583,3.508762078000378,2.9526703849129357,4.064853771087821,False,1.1121833861748858
7.506317632128324,5.39154388528122,4.840249719231098,5.942838051331338,False,1.1025883321002405
2.6682069130290142,2.4380812898558073,1.8682702847513801,3.007892294960234,True,1.139622010208854
1.621626540560239,1.916717258911531,1.569017088199819,2.264417429623243,True,0.695400341423424
2.8420349248261023,3.3438740980304487,2.815929027455967,3.871819168604929,True,1.055890141148962
6.931223970069999,5.590050723830072,5.245242970923469,5.934858476736673,False,0.6896155058132045
3.6564377477359167,3.394887130829581,2.9571157936004813,3.832658468058682,True,0.8755426744582007
1.7527942428783343,2.246103440706873,1.746552358341413,2.7456545230723317,True,0.9991021647309186
1.9671035970641548,2.0672228406127116,1.6562727975425475,2.478172883682875,True,0.8219000861403276
3.712393432473595,3.6014556889045894,3.215289042859708,3.987622334949471,True,0.7723332920897628
4.690999122980927,3.5866722622809775,3.2923755501294827,3.8809689744324714,False,0.5885934243029887
-0.5810682414906294,1.1588067445339003,0.7380300394411867,1.5795834496266141,False,0.8415534101854274
2.592000329666979,2.0662027145012596,1.686494993093813,2.445910435908706,False,0.7594154428148931
4.137223614478262,4.392086388154143,3.7501305400585117,5.034042236249775,True,1.283911696191263
4.764894316727929,4.340180689722574,4.044412254437332,4.635949125007817,False,0.5915368705704847
1.1473102225570633,1.473976030665975,1.0414984176594166,1.9064536436725328,True,0.8649552260131161
3.8357426723837538,4.459192132028635,3.9722655233242117,4.946118740733058,False,0.9738532174088466
2.2331397909440653,2.4332975278361837,2.1498306403168357,2.7167644153555317,True,0.566933775038696
1.9073509217427238,2.5607226239809244,2.1830122418222806,2.9384330061395674,False,0.7554207643172868
3.880487216244803,4.009905797899785,3.6160727736882263,4.403738822111344,True,0.7876660484231177
5.637248063478955,5.004291440796951,4.62668418688699,5.3818986947069085,False,0.7552145078199182
5.2450360393772,5.182742674474178,4.809433929040187,5.556051419908167,True,0.7466174908679797
4.311428758541345,3.5908644507372456,3.25300554810554,3.928723353368952,False,0.6757178052634121
4.701219253873871,4.55702945418411,4.074146520987146,5.039912387381072,True,0.9657658663939266
2.7089344781514373,2.339385237270673,1.7515789972694766,2.9271914772718692,True,1.1756124800023926
1.1739779944834343,1.9768183615651786,1.3869291163589414,2.566707606771417,False,1.1797784904124757
5.080594057908162,4.9194067216459,4.541136563470187,5.297676879821613,True,0.7565403163514262
4.930823326606654,4.928419644677684,4.268648494719013,5.588190794636353,True,1.31954229991734
5.478835593833483,4.866761619655959,4.206475666583581,5.527047572728334,True,1.3205719061447523
2.1626945876982013,3.045783002435482,2.5602003320876134,3.531365672783351,False,0.9711653406957375
5.65132639489534,5.345479244022559,4.950502591813897,5.740455896231224,True,0.7899533044173275
3.06702478003232,3.076039793127835,2.808882695130696,3.343196891124971,True,0.5343141959942748
5.474313002083655,5.067430037876002,4.70848386812086,5.426376207631144,False,0.7178923395102839
1.5182188585477026,2.126234382948896,1.844456389683294,2.4080123762144976,False,0.5635559865312036
1.4807376140922366,1.764176064408517,1.4772172807540453,2.0511348480629876,True,0.5739175673089423
3.446796634375936,3.365358078283872,2.995334911181584,3.7353812453861552,True,0.7400463342045711
3.953332956662205,4.419804868841602,3.1468390971816533,5.692770640501549,True,2.5459315433198957
1.7917417580206179,2.4018730670398436,1.9809739099316437,2.822772224148044,False,0.8417983142164005
4.681172839140949,3.1098009137474056,2.5072609636801078,3.712340863814704,False,1.2050799001345962
0.754350948178556,1.7420865241264964,1.2991316072046581,2.1850414410483348,False,0.8859098338436766
2.9597849970964902,3.5750636661527584,3.16759899611789,3.9825283361876256,False,0.8149293400697357
5.180693453321741,3.272337468964866,2.9188845050148116,3.6257904329149193,False,0.7069059279001078
6.460500766324557,5.963253280983001,5.024964954315049,6.901541607650957,True,1.876576653335908
5.168152308194724,4.54881030791457,4.128789289700697,4.96883132612844,False,0.840042036427743
3.8595301194919283,2.980310891881632,2.6301285447396783,3.330493239023585,False,0.7003646942839068
4.355757785555607,4.079240654186958,3.52967357843945,4.628807729934461,True,1.0991341514950115
4.94434567174831,4.885374253332424,4.292629081642056,5.47811942502279,True,1.1854903433807342
4.6585400110814525,3.7776650063612127,3.411853976868887,4.1434760358535385,False,0.7316220589846516
3.229752480337594,3.1257887112432563,2.7921780233108975,3.459399399175614,True,0.6672213758647163
1.8797052090507536,1.8935364495214813,1.1858688490031133,2.601204050039849,True,1.4153352010367355
0.6783158744200206,1.662458014555278,1.2214218554829754,2.103494173627583,False,0.8820723181446075
2.0156418959108544,2.212181279984107,1.3100010506049444,3.1143615093632704,True,1.804360458758326
3.469833591966103,2.8791436428207313,2.2363410371270906,3.5219462485143698,True,1.2856052113872791
1.8591214482970595,2.081229263674608,1.5545861014427622,2.6078724259064536,True,1.0532863244636914
2.311256361938882,2.2886304741169368,2.042287841593809,2.5349731066400647,True,0.49268526504625587
1.3913474766631238,2.5937330828156053,2.0136618112853304,3.173804354345882,False,1.1601425430605516
3.752479868983528,3.593801755311059,3.320929360281923,3.8666741503401947,True,0.5457447900582717
2.860201727158156,3.4873322850545376,2.892120436123607,4.082544133985469,False,1.1904236978618625
4.243538533780729,4.217163914781494,3.16130967224776,5.273018157315224,True,2.1117084850674646
0.8473162186972791,1.7677842497085194,1.2412268413575502,2.294341658059488,False,1.0531148167019377
6.239004933014346,5.161183966713928,4.63913302873053,5.683234904697326,False,1.0441018759667955
4.522693157565936,3.7098716420222995,3.0703604774490234,4.349382806595574,False,1.2790223291465503
1.604373024116613,1.8912852062663816,1.4925906246729195,2.2899797878598442,True,0.7973891631869248
3.9092185037834986,4.008492841324288,3.616303803829867,4.400681878818707,True,0.7843780749888403
2.6739673919086124,2.9686872060421687,2.570424379815464,3.3669500322688717,True,0.7965256524534077
1.8050762076788225,3.042654531712633,2.684355608485945,3.4009534549393208,False,0.716597846453376
3.914631877987508,3.2765597566236297,2.956389136980235,3.596730376267025,False,0.6403412392867902
5.112302712306897,4.596799637822354,3.9011695863097184,5.292429689334989,True,1.391260103025271
6.135352410053536,4.994913587145237,4.611836915865255,5.377990258425218,False,0.7661533425599627
3.951749602196192,4.392462330202585,4.0774011951175755,4.707523465287595,False,0.6301222701700198
6.2595192910134685,5.706945522528516,5.184833029845784,6.229058015211238,False,1.044224985365454
5.238784078202597,4.151484799875093,3.763238146435695,4.5397314533144915,False,0.7764933068787965
2.0005211779740684,1.8604860641515686,1.3069415217215097,2.4140306065816275,True,1.1070890848601178
1.8423154140222133,2.266788088704037,1.42339309715398,3.110183080254092,True,1.6867899831001119
2.6947136510019662,2.669093152761467,2.0848409391716567,3.2533453663512795,True,1.1685044271796228
1.372837623363792,2.5273557572313017,2.083187633222788,2.9715238812398153,False,0.8883362480170272
2.8960352701846794,2.3534887680895196,1.514352586642559,3.192624949536481,True,1.678272362893922
2.093557577794007,3.0816163919769375,2.6624642842129855,3.5007684997408886,False,0.838304215527903
5.466515535504591,4.589713855339822,3.768741206280855,5.410686504398787,False,1.6419452981179319
3.203878517761278,2.6660308702405877,2.2445352671034393,3.0875264733777352,False,0.8429912062742959
4.777699925079997,4.6106667011832645,4.1795148937265125,5.0418185086400165,True,0.8623036149135039
5.423798352324572,4.826963870767933,4.235667429768634,5.4182603117672326,False,1.1825928819985982
4.506849291702145,3.038802389668964,2.4992348128078063,3.578369966530121,False,1.0791351537223148
2.4628922465409415,2.8323906959333387,2.4493659523438978,3.2154154395227783,True,0.7660494871788806
0.7978407278640784,1.368929493175076,1.0083471848218961,1.729511801528258,False,0.7211646167063619
3.19870879937927,3.344375070413028,2.911597589975385,3.7771525508506723,True,0.8655549608752873
5.18220559742734,4.707134816562826,4.147393753162179,5.266875879963473,True,1.1194821268012944
2.774567626095845,2.4213758271331796,2.1544801622521477,2.6882714920142115,False,0.5337913297620638
4.6107623611673905,4.831217322374994,4.255842898979791,5.406591745770196,True,1.150748846790405
2.6946318123795807,2.302025691874193,1.732331823012219,2.871719560736166,True,1.139387737723947
4.755052603466274,4.541710436144354,4.047465756913629,5.035955115375077,True,0.9884893584614476
3.955861359961254,3.924121980493726,3.2253659391295786,4.622878021857874,True,1.3975120827282952
5.212859374792046,4.849144085251634,3.989510084090454,5.708778086412802,True,1.719268002322348
1.4258033980232534,1.4158708918978815,0.8950822130196117,1.936659570776153,True,1.0415773577565413
3.3776625749026574,2.7080778687614115,2.022975367690185,3.3931803698326375,True,1.3702050021424523
2.754571679294797,2.673141329977062,2.217798019440336,3.1284846405137854,True,0.9106866210734492
4.840688129728252,4.463343032804336,4.037714573910449,4.888971491698223,True,0.851256917787774
2.920107054495573,3.3027316297628353,3.0324864609438107,3.5729767985818586,False,0.5404903376380479
1.282972874777356,2.1322684697633902,1.8206754264755458,2.4438615130512344,False,0.6231860865756886
0.7416031362211054,1.4967076004502418,0.9391382861170274,2.0542769147834568,False,1.1151386286664293
5.894134227840772,5.091138445323386,4.496502151371719,5.685774739275053,False,1.189272587903334
1.9639701060550667,2.6109408794518068,2.059699320651454,3.1621824382521613,False,1.1024831176007073
4.08730062078744,3.165307362697229,2.865571453814301,3.4650432715801562,False,0.5994718177658553
2.1389592629174214,3.079122587052988,2.67050426428863,3.487740909817347,False,0.817236645528717
2.7549502674760538,1.9103568105436737,1.5775363031499539,2.2431773179373926,False,0.6656410147874388
2.408351691907618,3.323759904339089,2.9280749812315108,3.719444827446667,False,0.7913698462151562
5.984909637622194,5.193156405700589,4.340392832270941,6.045919979130234,True,1.7055271468592936
4.587276284010658,4.160195628674823,3.6912904239449777,4.629100833404668,True,0.9378104094596904
3.8912639374289153,3.535380730722965,3.2180935313547407,3.852667930091189,False,0.634574398736448
2.1907171613184513,2.670773152097048,2.149433939061362,3.1921123651327306,True,1.0426784260713684
5.785648091735693,3.7002934735148156,3.3669452058217497,4.033641741207882,False,0.6666965353861323
6.3905889590442655,5.112586340996269,4.34542725091452,5.879745431078014,False,1.5343181801634938
4.287437038530183,4.656877570824808,4.072296967501507,5.241458174148108,True,1.169161206646601
5.640286377553323,5.269552695706429,4.764055411999896,5.775049979412962,True,1.010994567413066
6.719918411029667,5.698654433840674,5.181918157340034,6.215390710341313,False,1.0334725530012792
3.028134694738587,4.020951117668608,3.409002626378678,4.632899608958537,False,1.2238969825798591
4.477173849057804,4.515768367532751,4.075299109656945,4.956237625408562,True,0.880938515751617
1.1390729752389261,1.5236427844168616,0.905914284470781,2.1413712843629407,True,1.2354569998921596
3.2671452152628397,3.195583623267651,2.666909467606916,3.7242577789283784,True,1.0573483113214626
4.793874882878608,3.523259169554373,2.985292918895736,4.0612254202130105,False,1.0759325013172747
1.8871715401212863,1.8201629600281675,1.4950220718222433,2.145303848234093,True,0.6502817764118496
2.561736361054582,2.271768251179036,2.0736806240407524,2.469855878317319,False,0.3961752542765664
3.423021248014447,2.7697507410002724,2.2012523958143206,3.338249086186221,False,1.1369966903719004
8.621982687804497,5.74178159726704,5.305688202395394,6.17787499213868,False,0.872186789743286
2.998642168923395,3.7751463039857733,3.187814156970761,4.362478451000785,False,1.1746642940300234
4.277092368129362,3.384794935932008,2.9963549444894593,3.7732349273745562,False,0.776879982885097
4.564593522468531,3.811183342185618,3.3949451503360653,4.22742153403517,False,0.8324763836991051
6.196003478376949,5.639182941759806,5.007586258134406,6.270779625385208,True,1.2631933672508016
1.0605029786166575,1.8806141145472117,1.5546250513774293,2.206603177716994,False,0.6519781263395645
3.273620038915285,2.5779096839524076,2.269906934736987,2.885912433167827,False,0.6160054984308401
1.9223707414466453,2.1978375731857316,1.9502677181053527,2.4454074282661105,False,0.49513971016075775
5.888192035172669,4.548571147864528,3.8582110827330363,5.238931212996019,False,1.3807201302629828
1.8841238841225265,1.6671906069242048,0.9437617733955449,2.3906194404528653,True,1.4468576670573206
3.390385237534653,2.7040308939740867,2.183554784181699,3.2245070037664707,False,1.0409522195847716
3.599192082869026,2.6158525826879666,2.3392525295516764,2.8924526358242564,False,0.55320010627258
4.710138855401625,4.958108506436571,4.516540463898456,5.399676548974689,True,0.8831360850762335
4.051858219661241,3.0432781103350006,2.51129374245464,3.5752624782153637,False,1.0639687357607235
5.674956393910157,4.741294607089189,4.30978618426586,5.172803029912514,False,0.863016845646654
2.4951651044801,2.422966301064314,1.6046538680290632,3.2412787340995646,True,1.6366248660705014
3.427330624272189,3.24350647620273,2.9785277311792173,3.508485221226248,True,0.5299574900470305
3.5957361061695874,3.0806392170617927,2.7668840297628567,3.3943944043607277,False,0.627510374597871
4.668856257141301,4.001614169018249,3.381699144508623,4.6215291935278735,False,1.2398300490192504
3.650393130973856,3.0360527292121318,2.6613701721843355,3.410735286239928,False,0.7493651140555926
1.3541249760570726,1.5318217685692186,1.0425069548990655,2.021136582239371,True,0.9786296273403057
3.627385749635026,4.296996358895233,3.7407690473570874,4.8532236704333815,False,1.1124546230762942
3.689079582496127,3.7909422151659347,3.2012963703643065,4.380588059967564,True,1.1792916896032573
7.699660218442469,6.079932825720083,5.514672129042134,6.645193522398033,False,1.1305213933558989
6.5352401469276495,5.354713808686659,4.842231588818468,5.867196028554854,False,1.0249644397363866
2.5775364055308168,2.4819083734200085,2.238394086576987,2.725422660263029,True,0.48702857368604224
2.012329101617902,1.8750091975121803,1.3468157307757607,2.403202664248597,True,1.0563869334728362
2.0504745526604964,2.06502529461429,1.825478609920252,2.3045719793083284,True,0.47909336938807634
2.4809316072579586,3.117816835465162,2.6703827851632536,3.5652508857670693,False,0.8948681006038157
-1.276598790462844,1.285260904637606,0.9193372357769942,1.6511845734982176,False,0.7318473377212233
5.405481275948687,4.503729246888868,4.103702699987917,4.903755793789813,False,0.8000530938018962
7.662215180119271,6.100652796009199,5.6008709718827365,6.600434620135658,False,0.9995636482529218
2.4930111026340365,2.3974195564073253,1.9952706093053043,2.799568503509347,True,0.8042978942040426
2.6646304893658463,2.811324192825836,2.215092474460237,3.4075559111914364,True,1.1924634367311993
6.1588903180069865,5.415728551677907,5.035535902413718,5.795921200942097,False,0.7603852985283783
2.3297760137772823,2.15896822890911,1.876707584933787,2.441228872884433,True,0.5645212879506458
3.7771668445746895,3.243129710554992,2.7143392964434723,3.7719201246665053,False,1.057580828223033
4.018228814736062,4.395747424150417,3.7379640005645234,5.053530847736314,True,1.315566847171791
1.8791281735832408,2.1511855532916893,1.926139382537867,2.3762317240455113,False,0.4500923415076443
3.5441344843731155,4.331260747420742,3.6455644612334015,5.016957033608081,False,1.3713925723746798
3.270380813124941,2.636473109334104,2.028780706239299,3.2441655124289124,False,1.2153848061896135
3.707221954651531,3.591269034128784,3.1176917381070606,4.064846330150505,True,0.9471545920434448
1.8789374892383202,2.428226832956317,1.9980533198060104,2.858400346106623,False,0.8603470263006125
1.3383979019015075,2.0120015806055838,1.5666733496562415,2.457329811554926,False,0.8906564618986845
3.5316320932904235,2.9224514765019993,2.348998149929772,3.4959048030742257,False,1.1469066531444536
6.345270353727196,5.409335982684507,4.958104266998095,5.860567698370917,False,0.9024634313728219
3.2784548868935377,2.2763769211768965,1.9736620580953108,2.579091784258481,False,0.60542972616317
0.781452380692577,1.7764963088046055,1.1519017140145074,2.401090903594702,False,1.2491891895801948
5.237813882707971,4.842214505406868,4.1955876115512964,5.488841399262434,True,1.2932537877111372
3.626220032204143,2.957289027942097,2.6690019109295413,3.2455761449546534,False,0.5765742340251121
2.985297847446277,2.5525561029920385,1.9987093983173292,3.106402807666745,True,1.107693409349416
6.261404346493745,5.483206316647394,4.70833769684282,6.258074936451959,False,1.5497372396091391
9.640287312381226,5.9544997573369205,5.446563283469436,6.462436231204399,False,1.0158729477349633
2.9596156701940246,3.646203511117867,3.1964210439114913,4.095985978324243,False,0.8995649344127514
3.473395422777191,3.5977884369142767,3.1062828495197397,4.089294024308812,True,0.983011174789072
4.996762197608771,4.094637830997767,3.4473954882439637,4.741880173751569,False,1.294484685507605
2.812085020342987,2.2765413040741675,2.0193099051366774,2.5337727030116586,False,0.5144627978749812
0.491678277401415,1.3519937194278562,1.0376856999705624,1.6663017388851498,False,0.6286160389145874
1.483120981057435,1.7810173946852887,1.419006602021427,2.1430281873491497,True,0.7240215853277228
1.1681356442095354,1.9016802278526481,1.6196151531147103,2.1837453025905855,False,0.5641301494758753
0.46056558024040506,1.6966356007664516,1.2826479386185006,2.1106232629144026,False,0.827975324295902
4.519005528850822,3.7436070502259686,3.110313668559581,4.376900431892357,False,1.2665867633327754
4.135276272472665,3.222442435289495,2.705483608055391,3.739401262523602,False,1.033917654468211
6.447056714638933,5.37556179172028,4.535659700372429,6.21546388306813,False,1.679804182695701
0.9075814849645168,1.907695601509089,1.442030730098779,2.3733604729193987,False,0.9313297428206198
1.7767171653102083,1.7131794899640649,1.3221516985192112,2.1042072814089208,True,0.7820555828897096
0.8111218789858763,1.5911611300462605,1.2559418440232766,1.9263804160692428,False,0.6704385720459662
1.8057057146741835,2.5599549541970936,2.1849126163262493,2.934997292067938,False,0.7500846757416886
6.294436260117535,5.8566868661959495,5.460900712229159,6.252473020162738,False,0.7915723079335795
4.624144050084775,4.264937324114508,3.850141933674528,4.679732714554488,True,0.8295907808799599
5.4293935228226,4.173325160058431,3.2800712352827435,5.0665790848341175,False,1.786507849551374
1.3200481046803576,1.6675822623662466,0.9097594155718015,2.4254051091606943,True,1.5156456935888927
4.390344740613221,4.234631568192835,3.34341347824531,5.125849658140354,True,1.7824361798950443
6.064931545163563,5.2697714359502585,4.830743491125779,5.708799380774733,False,0.8780558896489534
4.74260649425496,5.123913031010994,4.592265922330055,5.655560139691932,True,1.063294217361877
6.1624968624011105,5.224385956219738,4.679046782918133,5.769725129521343,False,1.0906783466032106
4.716736173821757,3.7626682270819307,3.443991974536706,4.081344479627154,False,0.6373525050904476
4.623634767586044,4.280651809187192,3.5530164171358196,5.008287201238562,True,1.4552707841027424
6.463868337662291,5.911813143621054,5.354693946381964,6.468932340860143,True,1.1142383944781793
8.558363016256727,6.217813458021147,5.809076003099575,6.626550912942713,False,0.8174749098431384
2.469776515893684,2.3719283042671746,1.671251735627286,3.0726048729070636,True,1.4013531372797776
2.8985323778710477,2.890188365322443,2.419911661974674,3.3604650686702096,True,0.9405534066955354
3.811931063980765,3.459235293916135,3.1181343512544326,3.8003362365778375,False,0.6822018853234049
5.519632436022921,5.460701308835546,5.036138272990279,5.885264344680813,True,0.8491260716905344
2.6655114668860236,2.9937112888910447,2.6081351077111696,3.379287470070918,True,0.7711523623597483
5.212925158772912,4.651071339360245,3.7831416013032406,5.519001077417246,True,1.7358594761140056
4.532595064820438,4.6166344714495136,4.140198949724796,5.093069993174229,True,0.9528710434494325
4.857657948892758,4.3900476560743025,3.8129357936958277,4.967159518452779,True,1.1542237247569513
4.532065743418783,4.728762319690268,4.254875343746401,5.202649295634136,True,0.9477739518877346
2.101117426464311,2.625673204533777,2.2300020526851587,3.021344356382393,False,0.7913423036972342
8.13977321020866,5.876173652385423,5.499859922954022,6.252487381816825,False,0.7526274588628024
1.59669013939123,2.847084507284075,2.072811565119634,3.6213574494485163,False,1.5485458843288824
1.7253458659586827,2.1718053540576268,1.7153588680588094,2.6282518400564414,True,0.912892971997632
3.9125688883444236,4.603600406716414,4.062312069825369,5.144888743607456,False,1.0825766737820874
3.1640119843597327,2.498244976200758,2.1676573345486814,2.828832617852835,False,0.6611752833041535
3.724582033199045,3.4961253995649466,2.6548665449582307,4.33738425417166,True,1.6825177092134291
4.349743972575825,3.6032069403540956,3.0765176180824314,4.129896262625759,False,1.0533786445433275
3.103879854799889,2.859668122699721,1.9709171588198102,3.7484190865796316,True,1.7775019277598214
4.614653943050534,3.7374602419321414,3.375550729132134,4.099369754732147,False,0.7238190256000134
5.208571767059741,4.398659641596406,3.6896516707193783,5.107667612473433,False,1.4180159417540548
1.5322409056248232,2.4007824781793015,1.811977682868879,2.9895872734897226,False,1.1776095906208437
5.00740944796623,4.966601998115473,4.594765886389792,5.338438109841155,True,0.7436722234513624
2.8319754472157985,3.386514757241242,2.8787711530380244,3.8942583614444617,False,1.0154872084064372
1.3623976250862488,1.7632950556337634,1.3856497244654777,2.1409403868020482,False,0.7552906623365705
3.269669639316838,2.430803069458118,2.18659520896265,2.6750109299535856,False,0.48841572099093566
6.08963154818478,5.131079539409669,4.678075590881996,5.584083487937339,False,0.9060078970553427
2.2861855167856557,2.4681249115963024,2.0714239042745874,2.8648259189180183,True,0.7934020146434309
2.3448076961455677,2.09045142872785,1.7083172774650126,2.472585579990687,True,0.7642683025256745
2.878635228395905,3.7305830960196538,3.1884050293224107,4.272761162716897,False,1.0843561333944862
1.4084361170452593,2.222960358353395,1.4014841749567606,3.044436541750029,True,1.6429523667932684
2.1632546386058356,2.1426764513311922,1.8440134111218516,2.441339491540533,True,0.5973260804186813
6.295267624726893,5.371463609704022,4.782663756129584,5.960263463278451,False,1.1775997071488664
1.773832454069945,1.6820112971532926,1.3938621595710392,1.9701604347355453,True,0.576298275164506
2.5188611018883877,2.414082513471416,1.98224001847822,2.8459250084646137,True,0.8636849899863936
1.701445269633863,2.0709535374823536,1.5929086645703794,2.5489984103943266,True,0.9560897458239472
5.503306455524316,5.404963341015464,4.93240532486805,5.877521357162877,True,0.9451160322948269
2.505358189312427,3.047885085791729,2.7708983131510587,3.324871858432397,False,0.5539735452813384
-0.28443978425692157,1.3257726881985692,0.7698917746194132,1.8816536017777254,False,1.1117618271583123
0.4308370520623468,1.6759247766531646,1.3240238848156534,2.0278256684906757,False,0.7038017836750223
7.912041429164126,6.02383701169593,5.577731653809494,6.469942369582363,False,0.8922107157728689
5.293158039763883,4.782747556632245,4.464750447016503,5.100744666247986,False,0.6359942192314829
-0.037336580584012125,1.3135174468063384,0.8154268572860053,1.8116080363266704,False,0.9961811790406652
4.702035046989558,4.935751438078636,4.280281492527356,5.591221383629913,True,1.3109398911025565
2.3422078173730525,2.5675481936657083,2.1273779013072494,3.007718486024168,True,0.8803405847169188
3.336964505031476,3.664150411294149,3.3277892346608553,4.000511587927447,True,0.6727223532665914
5.924328632053641,5.192499280733565,4.888064208444456,5.496934353022674,False,0.6088701445782174
4.367892670818609,3.8342420375053266,2.885009776050048,4.783474298960603,True,1.898464522910555
1.7522606566950139,2.168840115742933,1.8076020675431848,2.5300781639426817,False,0.722476096399497
3.0059609571428965,3.723215519050867,3.2955122427392034,4.150918795362533,False,0.8554065526233297
4.422143234217277,4.795118675409332,4.032536191276571,5.557701159542092,True,1.5251649682655213
1.880832115328956,2.2987664783782336,1.9801137477376747,2.6174192090187924,False,0.6373054612811178
4.974462559727879,5.148289917661759,4.78583594849446,5.510743886829059,True,0.7249079383345984
4.308698094342485,4.583032531442337,3.91110222655588,5.254962836328791,True,1.343860609772911
2.2141811913746254,2.4683894386541723,2.2072034752381025,2.729575402070242,True,0.5223719268321396
1.7263195663211623,1.7613398318056943,1.256301716809339,2.266377946802047,True,1.0100762299927077
5.904902798453742,5.091178256647918,4.472224683354797,5.7101318299410355,False,1.2379071465862381
4.941979356944237,4.153817060102567,3.438784261757876,4.868849858447254,False,1.4300655966893778
3.576954018384927,4.012247478177993,3.6880676281704754,4.3364273281855095,False,0.6483597000150341
7.989650902632652,6.139064393114545,5.559363743553671,6.718765042675416,False,1.159401299121745
1.4276997090107901,2.2075705157643237,1.1388380560975022,3.276302975431146,True,2.1374649193336435
4.00004484563472,4.364366508310695,3.7682337670546726,4.960499249566718,True,1.1922654825120453
2.6936428515538307,2.7633551108789085,2.3062982019711242,3.2204120197866923,True,0.9141138178155681
2.290967281860159,2.3843913935673,2.110459352741255,2.658323434393346,True,0.547864081652091
2.193844012860458,2.2828777271147866,1.879850586112624,2.6859048681169484,True,0.8060542820043244
4.698299234216657,2.7886722781149906,2.3781968044532062,3.1991477517767737,False,0.8209509473235674
1.7975173747147266,2.1278641258566586,1.8360570812815356,2.4196711704317817,False,0.5836140891502462
4.260375111273213,3.8306016033865884,3.38299340135382,4.278209805419355,True,0.8952164040655348
6.792318164283428,5.633111598945441,5.120204839667486,6.146018358223395,False,1.0258135185559087
2.31356464714004,2.373298120886212,2.0853210155668442,2.6612752262055785,True,0.5759542106387343
0.8161029700451395,1.8669308478197877,1.370526126008413,2.3633355696311606,False,0.9928094436227477
2.952408405516447,2.8131294334074677,2.0224349531790624,3.6038239136358725,True,1.58138896045681
1.7343172480837405,1.8010583053388973,1.2666641042201898,2.3354525064576057,True,1.068788402237416
1.9924560020059243,3.007085712204021,2.212889018989083,3.801282405418959,False,1.588393386429876
2.4541924934789425,2.492791315460443,2.212853861242655,2.77272876967823,True,0.559874908435575
1.77413780934871,2.1265839030580445,1.652468039604369,2.6006997665117213,True,0.9482317269073524
1.7459284709583098,2.1632023994097036,1.7782436540217508,2.54816114479766,False,0.7699174907759092
0.8320695027269503,1.7467332855142896,1.1595299363914062,2.3339366346371735,False,1.1744066982457673
2.9475619373276976,2.95044309517655,2.565417582928619,3.335468607424481,True,0.7700510244958618
4.190626293090625,3.905694386324073,3.4242124189337697,4.3871763537143735,True,0.9629639347806038
1.3965161057156812,2.0707462183017658,1.6445734898786175,2.496918946724914,False,0.8523454568462965
4.251032205117079,4.447620501130481,3.8708517755805207,5.024389226680446,True,1.1535374510999254
12.731688958892912,6.077185273261685,5.389822847986297,6.7645476985370765,False,1.3747248505507796
2.537530708275606,3.044783606277591,2.6293719011454955,3.4601953114096853,False,0.8308234102641898
4.430611170234974,4.287559144265548,3.787528352917859,4.787589935613236,True,1.0000615826953774
3.08951250999876,3.4470161907899963,3.109289966015779,3.7847424155642146,False,0.6754524495484358
5.980063528043676,5.432622375202904,4.868917656132645,5.996327094273163,True,1.1274094381405178
2.329507494468337,2.3308627221287743,1.9951657785881745,2.666559665669374,True,0.6713938870811997
3.485508611256113,2.638360725602111,2.091997417573175,3.1847240336310443,False,1.0927266160578695
3.0656229449393844,4.034897450737842,3.5103303937980193,4.559464507677665,False,1.0491341138796462
3.967348234056903,3.4798968607900744,3.105493012442146,3.854300709138004,False,0.7488076966958581
1.8015267147356506,2.483556582797598,2.1698978141022875,2.79721535149291,False,0.6273175373906223
2.012729271618619,2.561531171254312,1.983784196969271,3.139278145539353,True,1.155493948570082
4.581167636931231,3.913614347948033,3.6426650956064317,4.184563600289636,False,0.5418985046832039
2.0403131024498737,2.177764561291352,1.7369010709505104,2.618628051632193,True,0.8817269806816825
5.531746760802714,4.923169957465521,4.544913258131375,5.301426656799666,False,0.7565133986682913
4.516573578476423,3.5214518065120153,3.2296158799704173,3.813287733053613,False,0.5836718530831955
4.091995117515815,3.10301579259378,2.7448910213563407,3.4611405638312207,False,0.71624954247488
3.488998496660048,3.5765614210856276,3.0953394621174044,4.05778338005385,True,0.9624439179364459
3.3944910566988304,3.250485839712695,2.9507533131672874,3.550218366258104,True,0.5994650530908165
2.666110365843539,2.3335674065945415,1.8548039434710195,2.812330869718063,True,0.9575269262470436
3.1156617567320652,2.4592682063759113,1.8164063155956833,3.102130097156139,False,1.2857237815604556
4.7766376958095105,3.8470964079488406,2.888069398463037,4.806123417434644,True,1.9180540189716067
1.9283299035138726,2.227923876961838,1.7584951501981785,2.697352603725498,True,0.9388574535273195
1.2572529222713582,1.8869332552264977,1.4460925241040834,2.3277739863489133,False,0.8816814622448299
3.156653607880024,2.4001012062917426,1.961184427889705,2.839017984693779,False,0.877833556804074
4.676008870883737,4.982777886120059,4.585954468808048,5.37960130343207,True,0.7936468346240222
5.2408957240973395,5.1180003340551465,4.758624495414383,5.477376172695912,True,0.7187516772815297
5.796443525780516,5.4204116610903315,4.987374584088797,5.85344873809186,True,0.866074154003063
5.002958253492707,4.436352481518493,4.137920816341513,4.7347841466954765,False,0.5968633303539637
4.268315859350424,2.9645655555624106,2.539454939330713,3.3896761717941026,False,0.8502212324633898
-1.669752646205008,1.4749357903802536,1.148828108808472,1.801043471952034,False,0.6522153631435621
2.0126631716552694,2.4597268200691897,2.1442422120021725,2.7752114281362052,False,0.6309692161340328
6.104399596602282,5.861168281426401,5.142645267119973,6.579691295732828,True,1.4370460286128548
1.5835348412222503,2.0808043057959877,1.8013820287340379,2.3602265828579383,False,0.5588445541239004
2.9830844581014135,3.920294244122261,3.5337586345980103,4.306829853646511,False,0.773071219048501
2.776892238138245,3.774783176747356,3.435996616262639,4.113569737232073,False,0.6775731209694338
5.270990658158028,4.8858289315325925,4.367276820287415,5.404381042777771,True,1.0371042224903562
3.109923787582497,3.1653954125151804,2.4564348866358987,3.8743559383944635,True,1.4179210517585648
4.957206830272545,4.138269844732807,3.5739749751261662,4.702564714339443,False,1.128589739213277
1.735550663762225,2.2705628259697086,1.9310037548709953,2.6101218970684217,False,0.6791181421974264
0.9162153277247342,1.7745972305016597,1.5066309280298744,2.042563532973445,False,0.5359326049435704
1.4327393832673636,2.110251677086239,1.7658810478583817,2.454622306314096,False,0.6887412584557142
3.4778476650466024,3.3344610202660054,2.679529899950568,3.9893921405814425,True,1.3098622406308746
4.27088988625181,4.116641953690203,3.428456291627115,4.804827615753287,True,1.376371324126172
2.7159779895619707,2.310789991760644,2.0618136430944025,2.5597663404268833,False,0.4979526973324808
2.430419524220294,2.2018684621745996,1.4126972656834087,2.991039658665791,True,1.5783423929823823
4.874955878369174,4.542629605726291,3.892186510649478,5.193072700803104,True,1.3008861901536264
2.7618686766175,3.2152461166682675,2.9662459348753583,3.4642462984611795,False,0.4980003635858212
2.3886927723572025,2.1933231157967654,1.810381429017479,2.576264802576052,True,0.765883373558573
3.017179363633647,2.6744461177778023,1.8611540255880792,3.4877382099675294,True,1.6265841843794502
2.481843053890702,3.0461729503517923,2.7598133064212527,3.332532594282332,False,0.5727192878610792
3.356080515323937,3.1243157928564402,2.665496742438773,3.5831348432741055,True,0.9176381008353323
3.451273230999452,2.908320475093091,2.3179348370607036,3.4987061131254773,True,1.1807712760647737
1.9493414958545907,2.52662294066471,1.963440787253317,3.089805094076102,False,1.126364306822785
3.624858094804726,3.2424069964376123,2.7730649171793096,3.711749075695912,True,0.9386841585166024
4.825930633467662,4.258418665591986,3.7662997194144663,4.75053761176951,False,0.9842378923550439
5.747268881680194,5.496158363997157,4.778866594821094,6.21345013317322,True,1.4345835383521255
7.988130663409658,5.418035885789875,4.914273006311694,5.921798765268058,False,1.0075257589563638
3.1984185451855693,3.4998579121265205,2.8950549524106375,4.104660871842403,True,1.2096059194317652
5.044426882821734,5.153148514548122,4.774577427872571,5.531719601223675,True,0.7571421733511041
2.990814962399024,3.5561805413695766,3.1739423083034595,3.9384187744356955,False,0.7644764661322361
0.43705592574374214,1.6537193640800185,1.235167135646243,2.072271592513794,False,0.8371044568675508
5.121265054617193,4.880784316862972,4.214897017713358,5.546671616012586,True,1.3317745982992282
0.8040667832020516,1.7730360069093816,1.3617700587680581,2.184301955050705,False,0.8225318962826467
2.84624492767592,2.353498996029271,1.7998763530415003,2.907121639017043,True,1.1072452859755426
6.046627254317846,5.225315387189565,4.867901537766267,5.582729236612865,False,0.714827698846598
3.9658831935361207,4.51419900141931,4.14065368476185,4.887744318076774,False,0.7470906333149241
1.8126243859644713,1.979187565936202,1.5116062669097838,2.44676886496262,True,0.935162598052836
1.148137353740771,1.6960846998139338,1.2250510111002015,2.167118388527664,False,0.9420673774274626
3.359065412559609,2.9027301764381916,2.304541656877778,3.500918695998606,True,1.196377039120828
5.364242926913744,4.495330041026599,4.0257845994443855,4.964875482608813,False,0.9390908831644271
2.9391748266748534,2.2277566571086984,1.7343977510345068,2.7211155631828907,False,0.9867178121483839
1.807638322430549,2.0933063760282176,1.572375770536548,2.614236981519886,True,1.0418612109833378
2.222025942886977,2.280630050459325,1.9969921923748455,2.5642679085438056,True,0.5672757161689601
3.6003462502107286,4.264371579092205,3.789252327630545,4.7394908305538666,False,0.9502385029233213
5.7010824320330515,4.876940237854369,4.283007841432363,5.470872634276374,False,1.1878647928440103
3.4752633658816388,3.2732605948199667,2.9795113335848042,3.567009856055128,True,0.587498522470324
1.9275318046694676,1.9358866518696212,1.7087727694039025,2.163000534335339,True,0.45422776493143635
2.110545260833787,2.3786404592746355,2.1377243201243448,2.6195565984249263,False,0.4818322783005815
2.4961851861400457,2.7296880626945152,2.3232222076388336,3.1361539177501974,True,0.8129317101113638
2.0257637778329993,2.203465405323351,1.9309053830934413,2.476025427553261,True,0.5451200444598199
3.806879962333139,2.6666048144090384,2.157185560035295,3.1760240687827803,False,1.0188385087474852
3.357597172137112,3.6428109382341702,3.284744997185866,4.000876879282473,True,0.7161318820966072
2.790680381538593,3.072829652433319,2.4710379387151375,3.6746213661515004,True,1.2035834274363628
1.5458329223783573,2.132358433486302,1.2222884653419674,3.0424284016306324,True,1.820139936288665
2.8985891696086057,3.0919185140998575,2.731395626065893,3.452441402133818,True,0.7210457760679252
5.954038434832565,5.053665869407047,4.650213715845718,5.457118022968377,False,0.8069043071226591
4.005814384939242,4.159303058327051,3.662348440641458,4.6562576760126415,True,0.9939092353711834
0.5983907508142172,1.5642229814288209,1.1482980318727314,1.9801479309849106,False,0.8318498991121792
1.9447426377699937,1.7875905949172028,1.5283312911177902,2.0468498987166157,True,0.5185186075988255
2.189056031048465,2.2177394634375682,1.8633099644735076,2.5721689624016295,True,0.7088589979281219
5.851299111034604,5.312703861719939,4.882657656424062,5.742750067015816,False,0.8600924105917542
4.3318715830713295,3.086734399546038,2.338941017665336,3.834527781426735,False,1.4955867637613989
2.0871410146570617,2.299983856600998,1.4134316687903115,3.186536044411684,True,1.7731043756213725
1.8465952760851818,1.9382818154228758,1.558450399921797,2.3181132309239545,True,0.7596628310021576
4.352553623527382,3.6641949091576844,2.88087647863915,4.447513339676222,True,1.5666368610370722
2.4035651898078547,2.5034324058651025,2.070428898132726,2.9364359135974833,True,0.8660070154647572
2.471272766103583,2.403790074243509,2.139484018811636,2.668096129675382,True,0.5286121108637456
2.2866101233674225,2.531436647453002,2.1367628710659483,2.926110423840056,True,0.7893475527741076
1.7361318092295601,3.240096462532956,2.837496315515687,3.642696609550225,False,0.8052002940345377
2.7109414738066926,3.1899887582192727,2.859417294922198,3.5205602215163467,False,0.6611429265941489
1.9365390975142276,1.9256385775894547,1.5317694604422387,2.3195076947366706,True,0.7877382342944319
5.0537031839925675,3.763558010986656,3.1249971101302108,4.4021189118431,False,1.2771218017128896
4.013067298664728,3.5742395951065546,3.0932233023570577,4.055255887856046,True,0.9620325854989886
2.804116472618874,2.84719564634696,2.5722095464418806,3.1221817462520387,True,0.5499721998101581
3.373639617964646,3.424687344660993,2.9099674811958613,3.9394072081261244,True,1.029439726930263
2.7190750178180236,3.5529648359735826,3.204452552671345,3.901477119275818,False,0.697024566604473
2.9410018731081315,4.0112515404643325,3.2592385324937934,4.763264548434873,False,1.5040260159410797
3.159980318732346,2.514946383436264,2.1260887372004613,2.903804029672067,False,0.7777152924716058
5.505347128617172,5.360765437298326,4.993207173440959,5.72832370115569,True,0.7351165277147302
1.4277654323396036,2.1800180886568015,1.5506349156348969,2.809401261678706,False,1.2587663460438092
3.5717116881474777,4.084519562619953,3.463605610525148,4.705433514714755,True,1.2418279041896065
3.7189727061955553,3.6154787123515755,3.1763187294773005,4.054638695225848,True,0.8783199657485476
2.4313653589388364,3.6045975583760046,3.0715437186726775,4.137651398079333,False,1.0661076794066555
6.235709500839939,5.405543953271246,5.112744684935294,5.698343221607196,False,0.5855985366719016
3.550254215492858,4.166091910639276,3.860918864900877,4.47126495637768,False,0.6103460914768029
1.5525632255749342,2.181473632119239,1.972000637042377,2.390946627196105,False,0.4189459901537278
5.2479834620742265,4.939036000307832,4.408267334370549,5.469804666245118,True,1.0615373318745682
3.79134969431582,3.0626589892642397,2.714100538459295,3.411217440069184,False,0.6971169016098888
1.7861222645889565,2.1402386507203772,1.8562388161756183,2.4242384852651395,False,0.5679996690895213
5.585126918497698,5.060778898144887,4.303355405706145,5.818202390583627,True,1.5148469848774822
5.256234488229354,4.71470667376251,4.01814084590477,5.41127250162025,True,1.3931316557154796
2.5542582307696784,2.4848992173832993,2.019828459031005,2.9499699757355944,True,0.9301415167045892
4.147499826845353,3.8791652646923636,3.515467445250857,4.2428630841338695,True,0.7273956388830123
2.1760268837305294,3.3366157596845323,3.0336468166092745,3.63958470275979,False,0.6059378861505156
0.07948770380209175,1.446350144139087,0.9323532724898769,1.9603470157882965,False,1.0279937432984196
-0.19309045016158288,1.5751996399311252,1.0029572815607821,2.1474419983014674,False,1.1444847167406853
3.044277278004228,2.586212294273705,2.137207392019496,3.0352171965279138,False,0.8980098045084177
0.9456964747401649,3.0583337527775054,2.4724624544026446,3.6442050511523676,False,1.171742596749723
5.956087091543054,5.30269153148738,4.695664019277576,5.90971904369718,False,1.2140550244196042
0.7642272586155348,1.5032441096084104,1.1126798604826096,1.8938083587342116,False,0.781128498251602
3.9379769847317014,4.549776073711384,4.092302791452799,5.007249355969968,False,0.9149465645171686
0.08400974561072583,1.5163088872397825,1.0201577705009235,2.0124600039786404,False,0.992302233477717
3.26240016090643,2.9782799444634267,2.6353248279103476,3.321235061016506,True,0.6859102331061582
3.7259156462650833,3.3546666648578216,2.8938530349983815,3.8154802947172604,True,0.9216272597188788
5.124504218838827,4.8182873143275735,4.246346087606742,5.3902285410484,True,1.143882453441658
2.994221306311376,3.1154125291244092,2.8560805892947965,3.374744468954021,True,0.5186638796592247
2.886184433085974,2.80917723439538,2.2597245986417946,3.358629870148965,True,1.0989052715071703
3.0647824516844273,3.2398316221531283,2.855137264673852,3.624525979632402,True,0.7693887149585499
3.639392941590034,3.809451929495505,3.0121546547998346,4.606749204191174,True,1.5945945493913394
3.3873476854184723,2.989250502087999,2.763870788965475,3.214630215210522,False,0.45075942624504695
3.9187943814254673,3.4515660592983926,2.981071068227193,3.922061050369593,True,0.9409899821424004
5.107561097294687,5.00928143746066,4.350383075689283,5.668179799232037,True,1.3177967235427541
2.8054375056514704,2.4968459367092337,1.9921107222322427,3.0015811511862247,True,1.009470428953982
1.968167552334856,2.1707490305232056,1.9570098944088026,2.384488166637609,True,0.42747827222880663
2.8314658265170003,2.3568171961659803,2.0251135728241167,2.688520819507843,False,0.6634072466837262
4.434123091034669,4.581035180293505,4.008091258894815,5.153979101692196,True,1.1458878427973804
1.949013633488196,2.630204349227015,2.353267512709677,2.9071411857443517,False,0.5538736730346745
4.324382799997944,3.3587291210085817,2.9385541677862004,3.778904074230963,False,0.8403499064447626
4.250395026563203,3.913064609107128,3.4235910822882882,4.40253813592597,True,0.9789470536376816
2.907145220348909,2.9370635567467356,2.715414787202628,3.158712326290843,True,0.44329753908821523
4.661946448386265,3.805020493489953,3.2204080600361387,4.389632926943773,False,1.1692248669076344
3.6853231109408675,3.6196753386818483,3.1355000246377416,4.103850652725953,True,0.9683506280882113
3.6256393321205396,4.1556677265491055,3.7013386830073403,4.609996770090873,False,0.9086580870835324
2.266638583997507,2.191371534452021,1.9251261786940634,2.4576168902099784,True,0.532490711515915
3.895176736710926,4.631647007599909,3.8540839810267835,5.409210034173038,True,1.555126053146254
3.0302005093656814,3.6259956911541193,3.2393226539049818,4.012668728403263,False,0.773346074498281
3.155770692988445,3.1356210992742866,2.7217908562364523,3.549451342312121,True,0.8276604860756684
3.6203881881689473,3.036396492153876,2.4907825035399562,3.5820104807677957,False,1.0912279772278395
1.1171941112585293,1.5234356156144848,1.1886039441176595,1.85826728711131,False,0.6696633429936505
2.880868628786528,3.175125879034288,2.8832342320619517,3.467017526006625,False,0.5837832939446734
